{
  "gyro_offset": [
    -0.0008028514496982098,
    -0.0009424777887761592,
    -0.0004886921867728233
  ],
  "accel_offset": [
    0.021182363480329515,
    0.10592817306518576,
    -0.4034455692768097
  ],
  "gravity_vector": [
    0.0,
    -9.81,
    0.0
  ],
  "timestamp": 1750366498.5412989,
  "num_samples": 50
}